seed,nodes,topology,loss_rate,flood_repeats,protocol,phy,diameter,edges,proposals,committed,aborted,timed_out,avg_latency,listen,flood,sleep,nacks,piggybacks,ce_timeouts,end_slot
2,27,line,0.05,1,paxos_pipeline,ci,26,26,100,100,0,0,237.02,47133,4075,33275,99,603,0,1512
2,27,line,0.05,1,2pc_pipeline,ci,26,26,100,0,100,0,0.00,229416,19872,169347,127,1056,0,1716
2,27,line,0.05,1,tom_pipeline,ci,26,26,100,100,0,0,1005.86,42490,3679,30079,120,105,0,2587
2,27,line,0.05,0,paxos_ce,ce,26,26,100,100,0,0,120.71,265492,60425,0,0,0,44504,12071
2,27,line,0.05,0,2pc_ce,ce,26,26,100,100,0,0,271.22,595937,136357,0,0,0,103248,27122
2,27,line,0.05,0,tom_ce,ce,26,26,100,100,0,0,108.16,237734,54298,0,0,0,39507,10816
2,27,partial_mesh,0.05,1,paxos_pipeline,ci,3,117,100,100,0,0,46.20,5088,3051,2661,0,0,0,396
2,27,partial_mesh,0.05,1,2pc_pipeline,ci,3,117,100,100,0,0,96.60,5732,3429,3043,0,0,0,448
2,27,partial_mesh,0.05,1,tom_pipeline,ci,3,117,100,100,0,0,3.54,4506,2700,2352,0,0,0,354
2,27,partial_mesh,0.05,0,paxos_ce,ce,3,117,100,100,0,0,12.70,19182,15108,0,0,0,0,1270
2,27,partial_mesh,0.05,0,2pc_ce,ce,3,117,100,100,0,0,23.58,36396,27270,0,0,0,395,2358
2,27,partial_mesh,0.05,0,tom_ce,ce,3,117,100,100,0,0,3.54,6400,3158,0,0,0,0,354
2,27,random,0.05,1,paxos_pipeline,ci,4,62,100,100,0,0,59.26,6559,3051,4187,0,0,0,507
2,27,random,0.05,1,2pc_pipeline,ci,4,62,100,100,0,0,120.35,7325,3429,4393,0,0,0,557
2,27,random,0.05,1,tom_pipeline,ci,4,62,100,100,0,0,4.52,5796,2700,3708,0,0,0,452
2,27,random,0.05,0,paxos_ce,ce,4,62,100,100,0,0,13.74,21907,15191,0,0,0,0,1374
2,27,random,0.05,0,2pc_ce,ce,4,62,100,100,0,0,22.86,36546,25176,0,0,0,198,2286
2,27,random,0.05,0,tom_ce,ce,4,62,100,100,0,0,4.43,8312,3649,0,0,0,0,443
2,27,scale_free,0.05,1,paxos_pipeline,ci,5,51,100,100,0,0,62.80,7975,3425,5151,1,26,0,537
2,27,scale_free,0.05,1,2pc_pipeline,ci,5,51,100,96,4,0,129.07,8505,3640,5297,7,104,0,599
2,27,scale_free,0.05,1,tom_pipeline,ci,5,51,100,100,0,0,4.80,6238,2696,4026,4,4,0,480
2,27,scale_free,0.05,0,paxos_ce,ce,5,51,100,100,0,0,15.59,25500,16593,0,0,0,16,1559
2,27,scale_free,0.05,0,2pc_ce,ce,5,51,100,100,0,0,35.51,62252,33625,0,0,0,2835,3551
2,27,scale_free,0.05,0,tom_ce,ce,5,51,100,100,0,0,4.85,9065,4030,0,0,0,3,485
2,27,full_mesh,0.05,1,paxos_pipeline,ci,1,351,100,100,0,0,36.70,3104,3051,2431,0,0,0,315
2,27,full_mesh,0.05,1,2pc_pipeline,ci,1,351,100,100,0,0,73.34,3473,3429,2521,0,0,0,346
2,27,full_mesh,0.05,1,tom_pipeline,ci,1,351,100,100,0,0,2.81,2749,2700,2138,0,0,0,281
2,27,full_mesh,0.05,0,paxos_ce,ce,1,351,100,100,0,0,14.91,20927,19330,0,0,0,0,1491
2,27,full_mesh,0.05,0,2pc_ce,ce,1,351,100,100,0,0,30.78,45335,37771,0,0,0,556,3078
2,27,full_mesh,0.05,0,tom_ce,ce,1,351,100,100,0,0,2.76,4676,2776,0,0,0,0,276
3,27,line,0.05,1,paxos_pipeline,ci,26,26,100,100,0,0,190.40,48201,4052,33634,106,633,0,1650
3,27,line,0.05,1,2pc_pipeline,ci,26,26,100,0,100,0,0.00,54899,4670,38684,240,2451,0,1682
3,27,line,0.05,1,tom_pipeline,ci,26,26,100,100,0,0,322.82,35042,2955,24940,143,132,0,2022
3,27,line,0.05,0,paxos_ce,ce,26,26,100,100,0,0,118.00,259572,59028,0,0,0,43550,11800
3,27,line,0.05,0,2pc_ce,ce,26,26,100,100,0,0,267.85,588189,135006,0,0,0,101628,26785
3,27,line,0.05,0,tom_ce,ce,26,26,100,100,0,0,104.17,228841,52418,0,0,0,37815,10417
3,27,partial_mesh,0.05,1,paxos_pipeline,ci,3,129,100,100,0,0,44.51,4929,3051,2415,0,0,0,382
3,27,partial_mesh,0.05,1,2pc_pipeline,ci,3,129,100,100,0,0,91.46,5522,3429,2659,0,0,0,427
3,27,partial_mesh,0.05,1,tom_pipeline,ci,3,129,100,100,0,0,3.41,4373,2700,2134,0,0,0,341
3,27,partial_mesh,0.05,0,paxos_ce,ce,3,129,100,100,0,0,12.32,18482,14782,0,0,0,0,1232
3,27,partial_mesh,0.05,0,2pc_ce,ce,3,129,100,100,0,0,22.66,34418,26764,0,0,0,216,2266
3,27,partial_mesh,0.05,0,tom_ce,ce,3,129,100,100,0,0,3.45,6186,3129,0,0,0,0,345
3,27,random,0.05,1,paxos_pipeline,ci,5,59,100,100,0,0,63.64,7055,3051,4744,0,0,0,546
3,27,random,0.05,1,2pc_pipeline,ci,5,59,100,95,5,0,131.37,8143,3562,5656,4,52,0,609
3,27,random,0.05,1,tom_pipeline,ci,5,59,100,100,0,0,4.90,6277,2700,4253,0,0,0,490
3,27,random,0.05,0,paxos_ce,ce,5,59,100,100,0,0,14.20,23061,15279,0,0,0,0,1420
3,27,random,0.05,0,2pc_ce,ce,5,59,100,100,0,0,23.97,38966,25753,0,0,0,263,2397
3,27,random,0.05,0,tom_ce,ce,5,59,100,100,0,0,4.87,9086,4063,0,0,0,0,487
3,27,scale_free,0.05,1,paxos_pipeline,ci,4,51,100,100,0,0,62.78,7655,3287,4799,5,130,0,536
3,27,scale_free,0.05,1,2pc_pipeline,ci,4,51,100,97,3,0,130.52,8609,3667,5463,7,104,0,610
3,27,scale_free,0.05,1,tom_pipeline,ci,4,51,100,100,0,0,4.78,6280,2694,3932,6,6,0,478
3,27,scale_free,0.05,0,paxos_ce,ce,4,51,100,100,0,0,15.96,26403,16689,0,0,0,106,1596
3,27,scale_free,0.05,0,2pc_ce,ce,4,51,100,100,0,0,30.90,52519,30911,0,0,0,1278,3090
3,27,scale_free,0.05,0,tom_ce,ce,4,51,100,100,0,0,4.83,9110,3931,0,0,0,0,483
3,27,full_mesh,0.05,1,paxos_pipeline,ci,1,351,100,100,0,0,35.94,3103,3051,2297,0,0,0,310
3,27,full_mesh,0.05,1,2pc_pipeline,ci,1,351,100,100,0,0,74.91,3475,3429,2492,0,0,0,346
3,27,full_mesh,0.05,1,tom_pipeline,ci,1,351,100,100,0,0,2.75,2738,2700,1987,0,0,0,275
3,27,full_mesh,0.05,0,paxos_ce,ce,1,351,100,100,0,0,15.43,21670,19991,0,0,0,20,1543
3,27,full_mesh,0.05,0,2pc_ce,ce,1,351,100,100,0,0,31.13,46018,38033,0,0,0,576,3113
3,27,full_mesh,0.05,0,tom_ce,ce,1,351,100,100,0,0,2.76,4676,2776,0,0,0,0,276
5,27,line,0.05,1,paxos_pipeline,ci,26,26,100,100,0,0,159.61,47914,4172,35286,95,629,0,1651
5,27,line,0.05,1,2pc_pipeline,ci,26,26,100,0,100,0,0.00,224891,19512,163999,177,1909,0,1735
5,27,line,0.05,1,tom_pipeline,ci,26,26,100,100,0,0,205.78,33579,2960,25237,116,110,0,1935
5,27,line,0.05,0,paxos_ce,ce,26,26,100,100,0,0,112.14,246450,56328,0,0,0,40864,11214
5,27,line,0.05,0,2pc_ce,ce,26,26,100,100,0,0,262.82,577168,132446,0,0,0,99334,26282
5,27,line,0.05,0,tom_ce,ce,26,26,100,100,0,0,110.11,242077,55220,0,0,0,40370,11011
5,27,partial_mesh,0.05,1,paxos_pipeline,ci,3,126,100,100,0,0,43.67,4939,3051,2297,0,0,0,378
5,27,partial_mesh,0.05,1,2pc_pipeline,ci,3,126,100,100,0,0,90.74,5563,3429,2564,0,0,0,424
5,27,partial_mesh,0.05,1,tom_pipeline,ci,3,126,100,100,0,0,3.34,4362,2700,1956,0,0,0,334
5,27,partial_mesh,0.05,0,paxos_ce,ce,3,126,100,100,0,0,12.56,18886,15026,0,0,0,0,1256
5,27,partial_mesh,0.05,0,2pc_ce,ce,3,126,100,100,0,0,24.17,37278,27981,0,0,0,501,2417
5,27,partial_mesh,0.05,0,tom_ce,ce,3,126,100,100,0,0,3.31,5934,3003,0,0,0,0,331
5,27,random,0.05,1,paxos_pipeline,ci,4,65,100,100,0,0,58.41,6533,3050,4025,1,26,0,500
5,27,random,0.05,1,2pc_pipeline,ci,4,65,100,100,0,0,121.32,7332,3428,4630,2,26,0,565
5,27,random,0.05,1,tom_pipeline,ci,4,65,100,100,0,0,4.49,5798,2699,3626,1,1,0,449
5,27,random,0.05,0,paxos_ce,ce,4,65,100,100,0,0,13.87,22117,15332,0,0,0,5,1387
5,27,random,0.05,0,2pc_ce,ce,4,65,100,100,0,0,25.08,40633,27083,0,0,0,459,2508
5,27,random,0.05,0,tom_ce,ce,4,65,100,100,0,0,4.45,8306,3709,0,0,0,0,445
5,27,scale_free,0.05,1,paxos_pipeline,ci,4,51,100,100,0,0,62.53,7590,3263,4672,3,78,0,535
5,27,scale_free,0.05,1,2pc_pipeline,ci,4,51,100,100,0,0,129.85,8113,3427,4849,4,52,0,602
5,27,scale_free,0.05,1,tom_pipeline,ci,4,51,100,100,0,0,4.75,6347,2722,3918,4,4,0,475
5,27,scale_free,0.05,0,paxos_ce,ce,4,51,100,100,0,0,15.22,24936,16158,0,0,0,11,1522
5,27,scale_free,0.05,0,2pc_ce,ce,4,51,100,100,0,0,30.37,51929,30070,0,0,0,1651,3037
5,27,scale_free,0.05,0,tom_ce,ce,4,51,100,100,0,0,4.70,8895,3795,0,0,0,0,470
5,27,full_mesh,0.05,1,paxos_pipeline,ci,1,351,100,100,0,0,34.67,3070,3051,2033,0,0,0,299
5,27,full_mesh,0.05,1,2pc_pipeline,ci,1,351,100,100,0,0,74.71,3471,3429,2523,0,0,0,347
5,27,full_mesh,0.05,1,tom_pipeline,ci,1,351,100,100,0,0,2.68,2720,2700,1816,0,0,0,268
5,27,full_mesh,0.05,0,paxos_ce,ce,1,351,100,100,0,0,15.47,21773,19996,0,0,0,23,1547
5,27,full_mesh,0.05,0,2pc_ce,ce,1,351,100,100,0,0,31.14,45720,38358,0,0,0,462,3114
5,27,full_mesh,0.05,0,tom_ce,ce,1,351,100,100,0,0,2.76,4676,2776,0,0,0,0,276
7,27,line,0.05,1,paxos_pipeline,ci,26,26,100,100,0,0,127.59,50483,4430,39128,59,510,0,1781
7,27,line,0.05,1,2pc_pipeline,ci,26,26,100,0,100,0,0.00,225754,19388,162045,154,1770,0,1877
7,27,line,0.05,1,tom_pipeline,ci,26,26,100,100,0,0,255.34,32408,2771,25139,118,110,0,1999
7,27,line,0.05,0,paxos_ce,ce,26,26,100,100,0,0,114.78,252223,57683,0,0,0,42018,11478
7,27,line,0.05,0,2pc_ce,ce,26,26,100,100,0,0,264.51,580939,133238,0,0,0,100498,26451
7,27,line,0.05,0,tom_ce,ce,26,26,100,100,0,0,108.29,238140,54243,0,0,0,39629,10829
7,27,partial_mesh,0.05,1,paxos_pipeline,ci,3,124,100,100,0,0,45.44,4960,3051,2627,0,0,0,390
7,27,partial_mesh,0.05,1,2pc_pipeline,ci,3,124,100,100,0,0,95.15,5609,3429,3031,0,0,0,444
7,27,partial_mesh,0.05,1,tom_pipeline,ci,3,124,100,100,0,0,3.49,4394,2700,2329,0,0,0,349
7,27,partial_mesh,0.05,0,paxos_ce,ce,3,124,100,100,0,0,12.43,18705,14856,0,0,0,0,1243
7,27,partial_mesh,0.05,0,2pc_ce,ce,3,124,100,100,0,0,23.32,35555,27409,0,0,0,310,2332
7,27,partial_mesh,0.05,0,tom_ce,ce,3,124,100,100,0,0,3.54,6365,3193,0,0,0,0,354
7,27,random,0.05,1,paxos_pipeline,ci,4,62,100,100,0,0,59.73,6634,3051,4301,0,0,0,514
7,27,random,0.05,1,2pc_pipeline,ci,4,62,100,98,2,0,123.31,9152,4183,5862,7,78,0,576
7,27,random,0.05,1,tom_pipeline,ci,4,62,100,100,0,0,4.58,5856,2700,3810,0,0,0,458
7,27,random,0.05,0,paxos_ce,ce,4,62,100,100,0,0,14.02,22514,15340,0,0,0,2,1402
7,27,random,0.05,0,2pc_ce,ce,4,62,100,100,0,0,22.73,36406,24965,0,0,0,165,2273
7,27,random,0.05,0,tom_ce,ce,4,62,100,100,0,0,4.58,8544,3822,0,0,0,0,458
7,27,scale_free,0.05,1,paxos_pipeline,ci,4,51,100,100,0,0,59.58,7517,3292,4149,1,26,0,509
7,27,scale_free,0.05,1,2pc_pipeline,ci,4,51,100,97,3,0,122.01,8097,3532,4301,7,77,0,566
7,27,scale_free,0.05,1,tom_pipeline,ci,4,51,100,100,0,0,4.54,6185,2698,3375,2,2,0,454
7,27,scale_free,0.05,0,paxos_ce,ce,4,51,100,100,0,0,15.67,25645,16664,0,0,0,11,1567
7,27,scale_free,0.05,0,2pc_ce,ce,4,51,100,100,0,0,32.78,56195,32311,0,0,0,1697,3278
7,27,scale_free,0.05,0,tom_ce,ce,4,51,100,100,0,0,4.60,8742,3678,0,0,0,1,460
7,27,full_mesh,0.05,1,paxos_pipeline,ci,1,351,100,100,0,0,34.86,3069,3051,2115,0,0,0,302
7,27,full_mesh,0.05,1,2pc_pipeline,ci,1,351,100,100,0,0,73.58,3472,3429,2441,0,0,0,343
7,27,full_mesh,0.05,1,tom_pipeline,ci,1,351,100,100,0,0,2.67,2704,2700,1805,0,0,0,267
7,27,full_mesh,0.05,0,paxos_ce,ce,1,351,100,100,0,0,15.27,21431,19798,0,0,0,0,1527
7,27,full_mesh,0.05,0,2pc_ce,ce,1,351,100,100,0,0,30.81,45281,37906,0,0,0,464,3081
7,27,full_mesh,0.05,0,tom_ce,ce,1,351,100,100,0,0,2.72,4572,2772,0,0,0,0,272
11,27,line,0.05,1,paxos_pipeline,ci,26,26,100,100,0,0,182.56,47335,4210,35881,90,643,0,1563
11,27,line,0.05,1,2pc_pipeline,ci,26,26,100,0,100,0,0.00,226806,19623,165024,128,1274,0,1804
11,27,line,0.05,1,tom_pipeline,ci,26,26,100,100,0,0,393.60,31567,2864,24996,108,96,0,2034
11,27,line,0.05,0,paxos_ce,ce,26,26,100,100,0,0,108.88,239117,54859,0,0,0,39459,10888
11,27,line,0.05,0,2pc_ce,ce,26,26,100,100,0,0,269.98,593088,135858,0,0,0,102782,26998
11,27,line,0.05,0,tom_ce,ce,26,26,100,100,0,0,110.85,243640,55655,0,0,0,40532,11085
11,27,partial_mesh,0.05,1,paxos_pipeline,ci,3,122,100,100,0,0,43.86,4956,3051,2253,0,0,0,376
11,27,partial_mesh,0.05,1,2pc_pipeline,ci,3,122,100,100,0,0,91.03,5585,3429,2569,0,0,0,425
11,27,partial_mesh,0.05,1,tom_pipeline,ci,3,122,100,100,0,0,3.35,4391,2700,1954,0,0,0,335
11,27,partial_mesh,0.05,0,paxos_ce,ce,3,122,100,100,0,0,12.59,18945,15048,0,0,0,0,1259
11,27,partial_mesh,0.05,0,2pc_ce,ce,3,122,100,100,0,0,22.46,34056,26586,0,0,0,176,2246
11,27,partial_mesh,0.05,0,tom_ce,ce,3,122,100,100,0,0,3.36,6033,3039,0,0,0,0,336
11,27,random,0.05,1,paxos_pipeline,ci,4,61,100,100,0,0,60.15,6805,3051,4157,0,0,0,515
11,27,random,0.05,1,2pc_pipeline,ci,4,61,100,100,0,0,123.61,7610,3429,4594,0,0,0,574
11,27,random,0.05,1,tom_pipeline,ci,4,61,100,100,0,0,4.59,6003,2700,3690,0,0,0,459
11,27,random,0.05,0,paxos_ce,ce,4,61,100,100,0,0,14.40,23218,15662,0,0,0,6,1440
11,27,random,0.05,0,2pc_ce,ce,4,61,100,100,0,0,26.42,43595,27739,0,0,0,654,2642
11,27,random,0.05,0,tom_ce,ce,4,61,100,100,0,0,4.54,8524,3734,0,0,0,0,454
11,27,scale_free,0.05,1,paxos_pipeline,ci,4,51,100,100,0,0,60.25,7060,3050,3957,1,26,0,515
11,27,scale_free,0.05,1,2pc_pipeline,ci,4,51,100,97,3,0,125.04,8342,3615,4702,5,78,0,580
11,27,scale_free,0.05,1,tom_pipeline,ci,4,51,100,100,0,0,4.59,6300,2726,3529,0,0,0,459
11,27,scale_free,0.05,0,paxos_ce,ce,4,51,100,100,0,0,16.19,26602,17111,0,0,0,38,1619
11,27,scale_free,0.05,0,2pc_ce,ce,4,51,100,100,0,0,31.88,54557,31519,0,0,0,1529,3188
11,27,scale_free,0.05,0,tom_ce,ce,4,51,100,100,0,0,4.63,8812,3689,0,0,0,0,463
11,27,full_mesh,0.05,1,paxos_pipeline,ci,1,351,100,100,0,0,35.83,3063,3051,2283,0,0,0,308
11,27,full_mesh,0.05,1,2pc_pipeline,ci,1,351,100,100,0,0,72.49,3466,3429,2339,0,0,0,339
11,27,full_mesh,0.05,1,tom_pipeline,ci,1,351,100,100,0,0,2.76,2714,2700,2038,0,0,0,276
11,27,full_mesh,0.05,0,paxos_ce,ce,1,351,100,100,0,0,15.29,21483,19800,0,0,0,0,1529
11,27,full_mesh,0.05,0,2pc_ce,ce,1,351,100,100,0,0,30.61,45064,37583,0,0,0,504,3061
11,27,full_mesh,0.05,0,tom_ce,ce,1,351,100,100,0,0,2.80,4780,2780,0,0,0,0,280
13,27,line,0.05,1,paxos_pipeline,ci,26,26,100,100,0,0,213.78,48811,4312,36625,79,496,0,1701
13,27,line,0.05,1,2pc_pipeline,ci,26,26,100,0,100,0,0.00,98044,8378,68376,231,2198,0,1767
13,27,line,0.05,1,tom_pipeline,ci,26,26,100,100,0,0,231.57,34836,3077,26158,130,119,0,2100
13,27,line,0.05,0,paxos_ce,ce,26,26,100,100,0,0,115.12,252901,57923,0,0,0,42323,11512
13,27,line,0.05,0,2pc_ce,ce,26,26,100,100,0,0,259.45,569500,131015,0,0,0,98097,25945
13,27,line,0.05,0,tom_ce,ce,26,26,100,100,0,0,106.87,234716,53833,0,0,0,38874,10687
13,27,partial_mesh,0.05,1,paxos_pipeline,ci,3,125,100,100,0,0,44.36,4967,3051,2458,0,0,0,384
13,27,partial_mesh,0.05,1,2pc_pipeline,ci,3,125,100,100,0,0,93.56,5566,3429,2885,0,0,0,436
13,27,partial_mesh,0.05,1,tom_pipeline,ci,3,125,100,100,0,0,3.40,4378,2700,2102,0,0,0,340
13,27,partial_mesh,0.05,0,paxos_ce,ce,3,125,100,100,0,0,12.62,18960,15114,0,0,0,0,1262
13,27,partial_mesh,0.05,0,2pc_ce,ce,3,125,100,100,0,0,23.01,35234,26893,0,0,0,328,2301
13,27,partial_mesh,0.05,0,tom_ce,ce,3,125,100,100,0,0,3.45,6187,3128,0,0,0,0,345
13,27,random,0.05,1,paxos_pipeline,ci,4,60,100,100,0,0,59.28,6761,3049,4041,0,0,0,508
13,27,random,0.05,1,2pc_pipeline,ci,4,60,100,100,0,0,121.77,7591,3429,4343,0,0,0,565
13,27,random,0.05,1,tom_pipeline,ci,4,60,100,100,0,0,4.52,5950,2700,3554,0,0,0,452
13,27,random,0.05,0,paxos_ce,ce,4,60,100,100,0,0,13.98,22490,15256,0,0,0,4,1398
13,27,random,0.05,0,2pc_ce,ce,4,60,100,100,0,0,23.44,37916,25372,0,0,0,283,2344
13,27,random,0.05,0,tom_ce,ce,4,60,100,100,0,0,4.45,8413,3602,0,0,0,0,445
13,27,scale_free,0.05,1,paxos_pipeline,ci,4,51,100,100,0,0,59.29,7381,3290,4179,2,52,0,506
13,27,scale_free,0.05,1,2pc_pipeline,ci,4,51,100,96,4,0,124.97,7861,3450,4511,8,104,0,577
13,27,scale_free,0.05,1,tom_pipeline,ci,4,51,100,100,0,0,4.51,6124,2724,3464,3,2,0,451
13,27,scale_free,0.05,0,paxos_ce,ce,4,51,100,100,0,0,15.78,25816,16790,0,0,0,52,1578
13,27,scale_free,0.05,0,2pc_ce,ce,4,51,100,100,0,0,33.88,58545,32931,0,0,0,2123,3388
13,27,scale_free,0.05,0,tom_ce,ce,4,51,100,100,0,0,4.50,8535,3615,0,0,0,0,450
13,27,full_mesh,0.05,1,paxos_pipeline,ci,1,351,100,100,0,0,35.60,3098,3051,2167,0,0,0,305
13,27,full_mesh,0.05,1,2pc_pipeline,ci,1,351,100,100,0,0,76.14,3484,3429,2672,0,0,0,352
13,27,full_mesh,0.05,1,tom_pipeline,ci,1,351,100,100,0,0,2.71,2741,2700,1876,0,0,0,271
13,27,full_mesh,0.05,0,paxos_ce,ce,1,351,100,100,0,0,14.97,21089,19330,0,0,0,0,1497
13,27,full_mesh,0.05,0,2pc_ce,ce,1,351,100,100,0,0,30.73,44890,38081,0,0,0,338,3073
13,27,full_mesh,0.05,0,tom_ce,ce,1,351,100,100,0,0,2.75,4650,2775,0,0,0,0,275
17,27,line,0.05,1,paxos_pipeline,ci,26,26,100,100,0,0,193.75,48213,4131,34353,95,763,0,1689
17,27,line,0.05,1,2pc_pipeline,ci,26,26,100,0,100,0,0.00,231416,20054,169298,199,1929,0,1682
17,27,line,0.05,1,tom_pipeline,ci,26,26,100,100,0,0,379.99,35479,3075,26300,134,119,0,2095
17,27,line,0.05,0,paxos_ce,ce,26,26,100,100,0,0,110.21,241932,55635,0,0,0,40066,11021
17,27,line,0.05,0,2pc_ce,ce,26,26,100,100,0,0,259.58,569521,131345,0,0,0,97931,25958
17,27,line,0.05,0,tom_ce,ce,26,26,100,100,0,0,110.62,243142,55532,0,0,0,40624,11062
17,27,partial_mesh,0.05,1,paxos_pipeline,ci,3,129,100,100,0,0,45.06,4936,3051,2570,0,0,0,388
17,27,partial_mesh,0.05,1,2pc_pipeline,ci,3,129,100,100,0,0,93.34,5560,3429,2864,0,0,0,435
17,27,partial_mesh,0.05,1,tom_pipeline,ci,3,129,100,100,0,0,3.47,4371,2700,2298,0,0,0,347
17,27,partial_mesh,0.05,0,paxos_ce,ce,3,129,100,100,0,0,12.49,18792,14931,0,0,0,0,1249
17,27,partial_mesh,0.05,0,2pc_ce,ce,3,129,100,100,0,0,23.51,36231,27246,0,0,0,436,2351
17,27,partial_mesh,0.05,0,tom_ce,ce,3,129,100,100,0,0,3.47,6197,3172,0,0,0,0,347
17,27,random,0.05,1,paxos_pipeline,ci,4,54,100,100,0,0,63.43,7091,3051,4600,0,0,0,542
17,27,random,0.05,1,2pc_pipeline,ci,4,54,100,100,0,0,130.76,7978,3428,5091,0,0,0,606
17,27,random,0.05,1,tom_pipeline,ci,4,54,100,100,0,0,4.84,6279,2700,4089,0,0,0,484
17,27,random,0.05,0,paxos_ce,ce,4,54,100,100,0,0,14.56,23817,15495,0,0,0,2,1456
17,27,random,0.05,0,2pc_ce,ce,4,54,100,100,0,0,24.42,40024,25910,0,0,0,264,2442
17,27,random,0.05,0,tom_ce,ce,4,54,100,100,0,0,4.79,9023,3910,0,0,0,0,479
17,27,scale_free,0.05,1,paxos_pipeline,ci,4,51,100,100,0,0,59.80,7043,3051,3811,0,0,0,511
17,27,scale_free,0.05,1,2pc_pipeline,ci,4,51,100,98,2,0,124.91,9267,4017,5184,7,104,0,580
17,27,scale_free,0.05,1,tom_pipeline,ci,4,51,100,100,0,0,4.54,6203,2700,3355,0,0,0,454
17,27,scale_free,0.05,0,paxos_ce,ce,4,51,100,100,0,0,16.02,26190,17064,0,0,0,20,1602
17,27,scale_free,0.05,0,2pc_ce,ce,4,51,100,100,0,0,31.22,53180,31114,0,0,0,1296,3122
17,27,scale_free,0.05,0,tom_ce,ce,4,51,100,100,0,0,4.60,8742,3678,0,0,0,0,460
17,27,full_mesh,0.05,1,paxos_pipeline,ci,1,351,100,100,0,0,35.60,3086,3051,2206,0,0,0,307
17,27,full_mesh,0.05,1,2pc_pipeline,ci,1,351,100,100,0,0,72.55,3450,3429,2301,0,0,0,338
17,27,full_mesh,0.05,1,tom_pipeline,ci,1,351,100,100,0,0,2.71,2726,2700,1891,0,0,0,271
17,27,full_mesh,0.05,0,paxos_ce,ce,1,351,100,100,0,0,15.46,21792,19950,0,0,0,26,1546
17,27,full_mesh,0.05,0,2pc_ce,ce,1,351,100,100,0,0,30.82,45179,38035,0,0,0,402,3082
17,27,full_mesh,0.05,0,tom_ce,ce,1,351,100,100,0,0,2.74,4624,2774,0,0,0,0,274
19,27,line,0.05,1,paxos_pipeline,ci,26,26,100,100,0,0,234.40,47884,4181,35145,87,631,0,1575
19,27,line,0.05,1,2pc_pipeline,ci,26,26,100,0,100,0,0.00,224336,19330,158472,105,982,0,1714
19,27,line,0.05,1,tom_pipeline,ci,26,26,100,100,0,0,1118.20,42609,3714,31410,112,100,0,2693
19,27,line,0.05,0,paxos_ce,ce,26,26,100,100,0,0,113.91,250200,57357,0,0,0,41554,11391
19,27,line,0.05,0,2pc_ce,ce,26,26,100,100,0,0,275.23,604931,138190,0,0,0,104896,27523
19,27,line,0.05,0,tom_ce,ce,26,26,100,100,0,0,101.45,222863,51052,0,0,0,36677,10145
19,27,partial_mesh,0.05,1,paxos_pipeline,ci,3,118,100,100,0,0,46.63,5055,3051,2721,0,0,0,398
19,27,partial_mesh,0.05,1,2pc_pipeline,ci,3,118,100,100,0,0,96.48,5681,3429,3121,0,0,0,450
19,27,partial_mesh,0.05,1,tom_pipeline,ci,3,118,100,100,0,0,3.58,4492,2700,2474,0,0,0,358
19,27,partial_mesh,0.05,0,paxos_ce,ce,3,118,100,100,0,0,12.80,19314,15246,0,0,0,0,1280
19,27,partial_mesh,0.05,0,2pc_ce,ce,3,118,100,100,0,0,23.07,35367,26922,0,0,0,302,2307
19,27,partial_mesh,0.05,0,tom_ce,ce,3,118,100,100,0,0,3.60,6495,3225,0,0,0,0,360
19,27,random,0.05,1,paxos_pipeline,ci,4,57,100,100,0,0,62.06,6995,3049,4401,2,52,0,531
19,27,random,0.05,1,2pc_pipeline,ci,4,57,100,100,0,0,130.51,7979,3429,5197,0,0,0,610
19,27,random,0.05,1,tom_pipeline,ci,4,57,100,100,0,0,4.74,6184,2698,3916,2,2,0,474
19,27,random,0.05,0,paxos_ce,ce,4,57,100,100,0,0,14.43,23477,15484,0,0,0,11,1443
19,27,random,0.05,0,2pc_ce,ce,4,57,100,100,0,0,24.12,39181,25943,0,0,0,222,2412
19,27,random,0.05,0,tom_ce,ce,4,57,100,100,0,0,4.78,9011,3895,0,0,0,0,478
19,27,scale_free,0.05,1,paxos_pipeline,ci,4,51,100,100,0,0,55.71,7138,3291,3557,0,0,0,476
19,27,scale_free,0.05,1,2pc_pipeline,ci,4,51,100,97,3,0,116.94,7472,3425,3899,6,78,0,543
19,27,scale_free,0.05,1,tom_pipeline,ci,4,51,100,100,0,0,4.25,5877,2698,2900,2,2,0,425
19,27,scale_free,0.05,0,paxos_ce,ce,4,51,100,100,0,0,16.63,26963,17938,0,0,0,19,1663
19,27,scale_free,0.05,0,2pc_ce,ce,4,51,100,100,0,0,38.59,68085,36108,0,0,0,3486,3859
19,27,scale_free,0.05,0,tom_ce,ce,4,51,100,100,0,0,4.26,8160,3342,0,0,0,0,426
19,27,full_mesh,0.05,1,paxos_pipeline,ci,1,351,100,100,0,0,36.36,3100,3051,2435,0,0,0,315
19,27,full_mesh,0.05,1,2pc_pipeline,ci,1,351,100,100,0,0,72.90,3458,3429,2320,0,0,0,338
19,27,full_mesh,0.05,1,tom_pipeline,ci,1,351,100,100,0,0,2.81,2744,2700,2143,0,0,0,281
19,27,full_mesh,0.05,0,paxos_ce,ce,1,351,100,100,0,0,15.34,21513,19905,0,0,0,0,1534
19,27,full_mesh,0.05,0,2pc_ce,ce,1,351,100,100,0,0,31.52,46837,38267,0,0,0,698,3152
19,27,full_mesh,0.05,0,tom_ce,ce,1,351,100,100,0,0,2.76,4676,2776,0,0,0,0,276
23,27,line,0.05,1,paxos_pipeline,ci,26,26,100,100,0,0,183.45,48555,4200,35859,96,627,0,1632
23,27,line,0.05,1,2pc_pipeline,ci,26,26,100,0,100,0,0.00,225044,19466,163244,117,1148,0,1837
23,27,line,0.05,1,tom_pipeline,ci,26,26,100,100,0,0,984.87,41511,3555,30075,120,98,0,2680
23,27,line,0.05,0,paxos_ce,ce,26,26,100,100,0,0,113.93,250327,57284,0,0,0,41655,11393
23,27,line,0.05,0,2pc_ce,ce,26,26,100,99,1,0,268.34,594999,136107,0,0,0,103150,27078
23,27,line,0.05,0,tom_ce,ce,26,26,100,100,0,0,108.79,238867,54866,0,0,0,39710,10879
23,27,partial_mesh,0.05,1,paxos_pipeline,ci,3,126,100,100,0,0,43.51,4936,3051,2192,0,0,0,374
23,27,partial_mesh,0.05,1,2pc_pipeline,ci,3,126,100,100,0,0,91.05,5544,3429,2610,0,0,0,425
23,27,partial_mesh,0.05,1,tom_pipeline,ci,3,126,100,100,0,0,3.35,4372,2700,1973,0,0,0,335
23,27,partial_mesh,0.05,0,paxos_ce,ce,3,126,100,100,0,0,12.34,18537,14781,0,0,0,0,1234
23,27,partial_mesh,0.05,0,2pc_ce,ce,3,126,100,100,0,0,23.11,35361,27036,0,0,0,312,2311
23,27,partial_mesh,0.05,0,tom_ce,ce,3,126,100,100,0,0,3.46,6217,3125,0,0,0,0,346
23,27,random,0.05,1,paxos_pipeline,ci,5,60,100,100,0,0,65.42,8076,3425,5671,1,26,0,561
23,27,random,0.05,1,2pc_pipeline,ci,5,60,100,98,2,0,136.20,8105,3449,5807,4,51,0,633
23,27,random,0.05,1,tom_pipeline,ci,5,60,100,100,0,0,5.00,6360,2698,4442,2,2,0,500
23,27,random,0.05,0,paxos_ce,ce,5,60,100,100,0,0,14.61,23913,15534,0,0,0,14,1461
23,27,random,0.05,0,2pc_ce,ce,5,60,100,100,0,0,24.89,40761,26442,0,0,0,341,2489
23,27,random,0.05,0,tom_ce,ce,5,60,100,100,0,0,5.08,9487,4229,0,0,0,1,508
23,27,scale_free,0.05,1,paxos_pipeline,ci,4,51,100,100,0,0,57.04,7635,3263,4114,5,80,0,511
23,27,scale_free,0.05,1,2pc_pipeline,ci,4,51,100,97,3,0,127.26,8148,3424,4439,5,51,0,588
23,27,scale_free,0.05,1,tom_pipeline,ci,4,51,100,100,0,0,4.72,6343,2696,3408,5,5,0,456
23,27,scale_free,0.05,0,paxos_ce,ce,4,51,100,100,0,0,15.61,25778,16369,0,0,0,20,1561
23,27,scale_free,0.05,0,2pc_ce,ce,4,51,100,100,0,0,31.09,53349,30594,0,0,0,1566,3109
23,27,scale_free,0.05,0,tom_ce,ce,4,51,100,100,0,0,4.73,9033,3738,0,0,0,0,473
23,27,full_mesh,0.05,1,paxos_pipeline,ci,1,351,100,100,0,0,35.21,3078,3051,2214,0,0,0,306
23,27,full_mesh,0.05,1,2pc_pipeline,ci,1,351,100,100,0,0,73.23,3461,3429,2425,0,0,0,342
23,27,full_mesh,0.05,1,tom_pipeline,ci,1,351,100,100,0,0,2.71,2721,2700,1896,0,0,0,271
23,27,full_mesh,0.05,0,paxos_ce,ce,1,351,100,100,0,0,15.63,21938,20263,0,0,0,0,1563
23,27,full_mesh,0.05,0,2pc_ce,ce,1,351,100,100,0,0,31.54,46550,38608,0,0,0,590,3154
23,27,full_mesh,0.05,0,tom_ce,ce,1,351,100,100,0,0,2.74,4624,2774,0,0,0,0,274
29,27,line,0.05,1,paxos_pipeline,ci,26,26,100,100,0,0,243.16,46715,4032,32710,114,474,0,1534
29,27,line,0.05,1,2pc_pipeline,ci,26,26,100,3,97,0,346.67,226066,19754,165849,144,1470,0,1674
29,27,line,0.05,1,tom_pipeline,ci,26,26,100,100,0,0,813.25,37944,3307,27086,122,104,0,2377
29,27,line,0.05,0,paxos_ce,ce,26,26,100,100,0,0,113.49,249307,57116,0,0,0,41473,11349
29,27,line,0.05,0,2pc_ce,ce,26,26,100,100,0,0,252.46,553944,127698,0,0,0,95049,25246
29,27,line,0.05,0,tom_ce,ce,26,26,100,100,0,0,103.97,228210,52509,0,0,0,37519,10397
29,27,partial_mesh,0.05,1,paxos_pipeline,ci,3,123,100,100,0,0,42.47,4958,3051,1981,0,0,0,367
29,27,partial_mesh,0.05,1,2pc_pipeline,ci,3,123,100,100,0,0,89.94,5549,3429,2389,0,0,0,417
29,27,partial_mesh,0.05,1,tom_pipeline,ci,3,123,100,100,0,0,3.27,4387,2700,1742,0,0,0,327
29,27,partial_mesh,0.05,0,paxos_ce,ce,3,123,100,100,0,0,12.54,18846,15012,0,0,0,0,1254
29,27,partial_mesh,0.05,0,2pc_ce,ce,3,123,100,100,0,0,23.27,35598,27231,0,0,0,313,2327
29,27,partial_mesh,0.05,0,tom_ce,ce,3,123,100,100,0,0,3.25,5803,2972,0,0,0,0,325
29,27,random,0.05,1,paxos_pipeline,ci,4,62,100,100,0,0,58.04,6641,3051,3862,0,0,0,498
29,27,random,0.05,1,2pc_pipeline,ci,4,62,100,100,0,0,118.16,7419,3429,4191,0,0,0,552
29,27,random,0.05,1,tom_pipeline,ci,4,62,100,100,0,0,4.43,5867,2700,3394,0,0,0,443
29,27,random,0.05,0,paxos_ce,ce,4,62,100,100,0,0,13.85,22251,15144,0,0,0,2,1385
29,27,random,0.05,0,2pc_ce,ce,4,62,100,100,0,0,24.36,39413,26359,0,0,0,375,2436
29,27,random,0.05,0,tom_ce,ce,4,62,100,100,0,0,4.47,8370,3699,0,0,0,0,447
29,27,scale_free,0.05,1,paxos_pipeline,ci,4,51,100,100,0,0,58.24,7328,3289,4071,2,52,0,500
29,27,scale_free,0.05,1,2pc_pipeline,ci,4,51,100,96,4,0,118.96,7666,3422,4032,9,103,0,555
29,27,scale_free,0.05,1,tom_pipeline,ci,4,51,100,100,0,0,4.45,6016,2696,3303,4,4,0,445
29,27,scale_free,0.05,0,paxos_ce,ce,4,51,100,100,0,0,16.34,26638,17480,0,0,0,50,1634
29,27,scale_free,0.05,0,2pc_ce,ce,4,51,100,100,0,0,37.61,66378,35169,0,0,0,3271,3761
29,27,scale_free,0.05,0,tom_ce,ce,4,51,100,100,0,0,4.55,8641,3644,0,0,0,1,455
29,27,full_mesh,0.05,1,paxos_pipeline,ci,1,351,100,100,0,0,35.25,3095,3051,2143,0,0,0,304
29,27,full_mesh,0.05,1,2pc_pipeline,ci,1,351,100,100,0,0,73.20,3462,3429,2370,0,0,0,340
29,27,full_mesh,0.05,1,tom_pipeline,ci,1,351,100,100,0,0,2.71,2744,2700,1873,0,0,0,271
29,27,full_mesh,0.05,0,paxos_ce,ce,1,351,100,100,0,0,15.31,21512,19825,0,0,0,0,1531
29,27,full_mesh,0.05,0,2pc_ce,ce,1,351,100,100,0,0,30.55,44589,37896,0,0,0,369,3055
29,27,full_mesh,0.05,0,tom_ce,ce,1,351,100,100,0,0,2.69,4494,2769,0,0,0,0,269
31,27,line,0.05,1,paxos_pipeline,ci,26,26,100,100,0,0,202.77,46775,4068,33343,102,666,0,1629
31,27,line,0.05,1,2pc_pipeline,ci,26,26,100,0,100,0,0.00,56154,4913,41425,218,2289,0,1707
31,27,line,0.05,1,tom_pipeline,ci,26,26,100,100,0,0,424.52,35101,2993,25248,148,125,0,1778
31,27,line,0.05,0,paxos_ce,ce,26,26,100,100,0,0,116.34,255899,58219,0,0,0,42891,11634
31,27,line,0.05,0,2pc_ce,ce,26,26,100,100,0,0,268.52,589961,135043,0,0,0,102128,26852
31,27,line,0.05,0,tom_ce,ce,26,26,100,100,0,0,111.25,244586,55789,0,0,0,40870,11125
31,27,partial_mesh,0.05,1,paxos_pipeline,ci,3,125,100,100,0,0,44.88,4961,3051,2518,0,0,0,386
31,27,partial_mesh,0.05,1,2pc_pipeline,ci,3,125,100,100,0,0,92.53,5565,3429,2751,0,0,0,432
31,27,partial_mesh,0.05,1,tom_pipeline,ci,3,125,100,100,0,0,3.44,4394,2700,2194,0,0,0,344
31,27,partial_mesh,0.05,0,paxos_ce,ce,3,125,100,100,0,0,12.63,18964,15137,0,0,0,0,1263
31,27,partial_mesh,0.05,0,2pc_ce,ce,3,125,100,100,0,0,23.15,35318,27187,0,0,0,252,2315
31,27,partial_mesh,0.05,0,tom_ce,ce,3,125,100,100,0,0,3.44,6144,3144,0,0,0,0,344
31,27,random,0.05,1,paxos_pipeline,ci,4,57,100,100,0,0,63.73,7093,3049,4708,2,50,0,545
31,27,random,0.05,1,2pc_pipeline,ci,4,57,100,95,5,0,132.09,8879,3800,5924,10,129,0,616
31,27,random,0.05,1,tom_pipeline,ci,4,57,100,100,0,0,4.88,6286,2698,4192,2,2,0,488
31,27,random,0.05,0,paxos_ce,ce,4,57,100,100,0,0,14.19,23108,15205,0,0,0,7,1419
31,27,random,0.05,0,2pc_ce,ce,4,57,100,100,0,0,24.33,39774,25917,0,0,0,323,2433
31,27,random,0.05,0,tom_ce,ce,4,57,100,100,0,0,4.89,9178,4025,0,0,0,0,489
31,27,scale_free,0.05,1,paxos_pipeline,ci,4,51,100,100,0,0,58.41,7357,3289,4069,2,52,0,500
31,27,scale_free,0.05,1,2pc_pipeline,ci,4,51,100,97,3,0,121.42,8349,3641,4426,8,104,0,566
31,27,scale_free,0.05,1,tom_pipeline,ci,4,51,100,100,0,0,4.46,6097,2724,3329,3,2,0,446
31,27,scale_free,0.05,0,paxos_ce,ce,4,51,100,100,0,0,15.92,25961,17023,0,0,0,18,1592
31,27,scale_free,0.05,0,2pc_ce,ce,4,51,100,100,0,0,32.53,55877,31954,0,0,0,1739,3253
31,27,scale_free,0.05,0,tom_ce,ce,4,51,100,100,0,0,4.44,8469,3519,0,0,0,0,444
31,27,full_mesh,0.05,1,paxos_pipeline,ci,1,351,100,100,0,0,35.27,3092,3051,2146,0,0,0,304
31,27,full_mesh,0.05,1,2pc_pipeline,ci,1,351,100,100,0,0,74.76,3473,3429,2629,0,0,0,350
31,27,full_mesh,0.05,1,tom_pipeline,ci,1,351,100,100,0,0,2.72,2734,2700,1910,0,0,0,272
31,27,full_mesh,0.05,0,paxos_ce,ce,1,351,100,100,0,0,15.23,21464,19657,0,0,0,22,1523
31,27,full_mesh,0.05,0,2pc_ce,ce,1,351,100,100,0,0,30.79,45127,38006,0,0,0,420,3079
31,27,full_mesh,0.05,0,tom_ce,ce,1,351,100,100,0,0,2.80,4780,2780,0,0,0,0,280
37,27,line,0.05,1,paxos_pipeline,ci,26,26,100,100,0,0,222.19,46958,4051,33393,109,549,0,1552
37,27,line,0.05,1,2pc_pipeline,ci,26,26,100,0,100,0,0.00,66361,5703,46871,241,2544,0,1677
37,27,line,0.05,1,tom_pipeline,ci,26,26,100,100,0,0,406.96,34143,2950,24305,141,118,0,1976
37,27,line,0.05,0,paxos_ce,ce,26,26,100,100,0,0,113.77,250020,57159,0,0,0,41543,11377
37,27,line,0.05,0,2pc_ce,ce,26,26,100,99,1,0,267.22,592684,135425,0,0,0,102420,26967
37,27,line,0.05,0,tom_ce,ce,26,26,100,100,0,0,108.19,238046,54067,0,0,0,39769,10819
37,27,partial_mesh,0.05,1,paxos_pipeline,ci,3,129,100,100,0,0,42.29,4895,3051,1963,0,0,0,364
37,27,partial_mesh,0.05,1,2pc_pipeline,ci,3,129,100,100,0,0,87.76,5488,3429,2207,0,0,0,409
37,27,partial_mesh,0.05,1,tom_pipeline,ci,3,129,100,100,0,0,3.25,4329,2700,1746,0,0,0,325
37,27,partial_mesh,0.05,0,paxos_ce,ce,3,129,100,100,0,0,12.22,18328,14666,0,0,0,0,1222
37,27,partial_mesh,0.05,0,2pc_ce,ce,3,129,100,100,0,0,22.50,34114,26636,0,0,0,170,2250
37,27,partial_mesh,0.05,0,tom_ce,ce,3,129,100,100,0,0,3.27,5819,3010,0,0,0,0,327
37,27,random,0.05,1,paxos_pipeline,ci,4,52,100,100,0,0,65.15,7448,3051,4729,0,0,0,560
37,27,random,0.05,1,2pc_pipeline,ci,4,52,100,98,2,0,134.92,8401,3427,5317,3,25,0,631
37,27,random,0.05,1,tom_pipeline,ci,4,52,100,100,0,0,5.01,6617,2700,4210,0,0,0,501
37,27,random,0.05,0,paxos_ce,ce,4,52,100,100,0,0,14.73,24296,15475,0,0,0,12,1473
37,27,random,0.05,0,2pc_ce,ce,4,52,100,100,0,0,25.51,42510,26367,0,0,0,527,2551
37,27,random,0.05,0,tom_ce,ce,4,52,100,100,0,0,4.94,9384,3954,0,0,0,0,494
37,27,scale_free,0.05,1,paxos_pipeline,ci,4,51,100,100,0,0,58.06,7294,3291,4022,0,0,0,497
37,27,scale_free,0.05,1,2pc_pipeline,ci,4,51,100,99,1,0,121.75,7611,3427,4325,2,26,0,565
37,27,scale_free,0.05,1,tom_pipeline,ci,4,51,100,100,0,0,4.43,6043,2724,3302,2,2,0,443
37,27,scale_free,0.05,0,paxos_ce,ce,4,51,100,100,0,0,15.73,25461,17010,0,0,0,19,1573
37,27,scale_free,0.05,0,2pc_ce,ce,4,51,100,100,0,0,37.06,64669,35393,0,0,0,2933,3706
37,27,scale_free,0.05,0,tom_ce,ce,4,51,100,100,0,0,4.56,8595,3717,0,0,0,0,456
37,27,full_mesh,0.05,1,paxos_pipeline,ci,1,351,100,100,0,0,36.31,3098,3051,2302,0,0,0,311
37,27,full_mesh,0.05,1,2pc_pipeline,ci,1,351,100,100,0,0,73.71,3463,3429,2450,0,0,0,343
37,27,full_mesh,0.05,1,tom_pipeline,ci,1,351,100,100,0,0,2.79,2747,2700,2086,0,0,0,279
37,27,full_mesh,0.05,0,paxos_ce,ce,1,351,100,100,0,0,15.15,21221,19684,0,0,0,0,1515
37,27,full_mesh,0.05,0,2pc_ce,ce,1,351,100,100,0,0,31.23,46391,37930,0,0,0,677,3123
37,27,full_mesh,0.05,0,tom_ce,ce,1,351,100,100,0,0,2.75,4650,2775,0,0,0,0,275
41,27,line,0.05,1,paxos_pipeline,ci,26,26,100,100,0,0,235.47,48120,4172,34567,88,677,0,1618
41,27,line,0.05,1,2pc_pipeline,ci,26,26,100,0,100,0,0.00,230507,19850,168440,40,311,0,1807
41,27,line,0.05,1,tom_pipeline,ci,26,26,100,100,0,0,1250.63,45310,3917,32745,108,87,0,2812
41,27,line,0.05,0,paxos_ce,ce,26,26,100,100,0,0,119.50,262854,59796,0,0,0,44181,11950
41,27,line,0.05,0,2pc_ce,ce,26,26,100,100,0,0,262.65,576927,132228,0,0,0,99588,26265
41,27,line,0.05,0,tom_ce,ce,26,26,100,100,0,0,105.45,231497,53218,0,0,0,38200,10545
41,27,partial_mesh,0.05,1,paxos_pipeline,ci,3,136,100,100,0,0,40.64,4803,3051,1677,0,0,0,350
41,27,partial_mesh,0.05,1,2pc_pipeline,ci,3,136,100,100,0,0,86.51,5419,3429,2141,0,0,0,403
41,27,partial_mesh,0.05,1,tom_pipeline,ci,3,136,100,100,0,0,3.13,4256,2700,1495,0,0,0,313
41,27,partial_mesh,0.05,0,paxos_ce,ce,3,136,100,100,0,0,12.28,18417,14739,0,0,0,0,1228
41,27,partial_mesh,0.05,0,2pc_ce,ce,3,136,100,100,0,0,23.75,36544,27581,0,0,0,532,2375
41,27,partial_mesh,0.05,0,tom_ce,ce,3,136,100,100,0,0,3.17,5630,2929,0,0,0,0,317
41,27,random,0.05,1,paxos_pipeline,ci,5,58,100,100,0,0,64.96,7079,3050,5045,1,26,0,558
41,27,random,0.05,1,2pc_pipeline,ci,5,58,100,100,0,0,132.89,7988,3429,5431,0,0,0,620
41,27,random,0.05,1,tom_pipeline,ci,5,58,100,100,0,0,4.98,6354,2726,4528,1,0,0,498
41,27,random,0.05,0,paxos_ce,ce,5,58,100,100,0,0,14.66,23948,15634,0,0,0,13,1466
41,27,random,0.05,0,2pc_ce,ce,5,58,100,100,0,0,25.30,41655,26655,0,0,0,422,2530
41,27,random,0.05,0,tom_ce,ce,5,58,100,100,0,0,4.80,9028,3932,0,0,0,0,480
41,27,scale_free,0.05,1,paxos_pipeline,ci,4,51,100,100,0,0,56.82,7403,3291,3616,1,26,0,486
41,27,scale_free,0.05,1,2pc_pipeline,ci,4,51,100,100,0,0,119.80,7705,3429,3959,0,0,0,554
41,27,scale_free,0.05,1,tom_pipeline,ci,4,51,100,100,0,0,4.34,6074,2698,2946,2,2,0,434
41,27,scale_free,0.05,0,paxos_ce,ce,4,51,100,100,0,0,15.86,25874,16948,0,0,0,13,1586
41,27,scale_free,0.05,0,2pc_ce,ce,4,51,100,100,0,0,32.63,56020,32081,0,0,0,1877,3263
41,27,scale_free,0.05,0,tom_ce,ce,4,51,100,100,0,0,4.41,8372,3535,0,0,0,0,441
41,27,full_mesh,0.05,1,paxos_pipeline,ci,1,351,100,100,0,0,34.79,3082,3051,2048,0,0,0,300
41,27,full_mesh,0.05,1,2pc_pipeline,ci,1,351,100,100,0,0,73.30,3470,3429,2416,0,0,0,342
41,27,full_mesh,0.05,1,tom_pipeline,ci,1,351,100,100,0,0,2.69,2728,2700,1835,0,0,0,269
41,27,full_mesh,0.05,0,paxos_ce,ce,1,351,100,100,0,0,15.17,21286,19673,0,0,0,0,1517
41,27,full_mesh,0.05,0,2pc_ce,ce,1,351,100,100,0,0,30.58,45172,37394,0,0,0,580,3058
41,27,full_mesh,0.05,0,tom_ce,ce,1,351,100,100,0,0,2.68,4468,2768,0,0,0,0,268
43,27,line,0.05,1,paxos_pipeline,ci,26,26,100,100,0,0,208.08,46560,4180,35498,103,544,0,1498
43,27,line,0.05,1,2pc_pipeline,ci,26,26,100,0,100,0,0.00,227075,19920,168211,180,1994,0,1800
43,27,line,0.05,1,tom_pipeline,ci,26,26,100,100,0,0,427.39,30809,2808,23407,127,115,0,2010
43,27,line,0.05,0,paxos_ce,ce,26,26,100,100,0,0,109.84,241046,55522,0,0,0,39830,10984
43,27,line,0.05,0,2pc_ce,ce,26,26,100,100,0,0,265.71,583533,133884,0,0,0,100804,26571
43,27,line,0.05,0,tom_ce,ce,26,26,100,100,0,0,112.76,247814,56638,0,0,0,41474,11276
43,27,partial_mesh,0.05,1,paxos_pipeline,ci,3,130,100,100,0,0,43.02,4875,3051,2172,0,0,0,370
43,27,partial_mesh,0.05,1,2pc_pipeline,ci,3,130,100,100,0,0,89.52,5487,3429,2478,0,0,0,418
43,27,partial_mesh,0.05,1,tom_pipeline,ci,3,130,100,100,0,0,3.31,4314,2700,1923,0,0,0,331
43,27,partial_mesh,0.05,0,paxos_ce,ce,3,130,100,100,0,0,12.49,18731,14992,0,0,0,0,1249
43,27,partial_mesh,0.05,0,2pc_ce,ce,3,130,100,100,0,0,22.44,33996,26592,0,0,0,155,2244
43,27,partial_mesh,0.05,0,tom_ce,ce,3,130,100,100,0,0,3.31,5928,3009,0,0,0,0,331
43,27,random,0.05,1,paxos_pipeline,ci,4,57,100,100,0,0,60.97,6956,3051,4303,0,0,0,525
43,27,random,0.05,1,2pc_pipeline,ci,4,57,100,100,0,0,128.46,7949,3429,4876,0,0,0,598
43,27,random,0.05,1,tom_pipeline,ci,4,57,100,100,0,0,4.66,6147,2700,3735,0,0,0,466
43,27,random,0.05,0,paxos_ce,ce,4,57,100,100,0,0,14.23,23150,15271,0,0,0,3,1423
43,27,random,0.05,0,2pc_ce,ce,4,57,100,100,0,0,24.57,40179,26160,0,0,0,359,2457
43,27,random,0.05,0,tom_ce,ce,4,57,100,100,0,0,4.71,8866,3851,0,0,0,0,471
43,27,scale_free,0.05,1,paxos_pipeline,ci,4,51,100,100,0,0,59.17,7369,3289,4300,1,26,0,507
43,27,scale_free,0.05,1,2pc_pipeline,ci,4,51,100,94,6,0,124.80,9413,4123,5445,13,180,0,579
43,27,scale_free,0.05,1,tom_pipeline,ci,4,51,100,100,0,0,4.51,6102,2724,3486,3,3,0,451
43,27,scale_free,0.05,0,paxos_ce,ce,4,51,100,100,0,0,15.57,25314,16725,0,0,0,15,1557
43,27,scale_free,0.05,0,2pc_ce,ce,4,51,100,100,0,0,33.10,57047,32323,0,0,0,2151,3310
43,27,scale_free,0.05,0,tom_ce,ce,4,51,100,100,0,0,4.63,8683,3818,0,0,0,1,463
43,27,full_mesh,0.05,1,paxos_pipeline,ci,1,351,100,100,0,0,34.40,3081,3051,2022,0,0,0,299
43,27,full_mesh,0.05,1,2pc_pipeline,ci,1,351,100,100,0,0,73.12,3468,3429,2445,0,0,0,343
43,27,full_mesh,0.05,1,tom_pipeline,ci,1,351,100,100,0,0,2.66,2728,2700,1754,0,0,0,266
43,27,full_mesh,0.05,0,paxos_ce,ce,1,351,100,100,0,0,15.17,21364,19595,0,0,0,18,1517
43,27,full_mesh,0.05,0,2pc_ce,ce,1,351,100,100,0,0,30.98,45498,38148,0,0,0,481,3098
43,27,full_mesh,0.05,0,tom_ce,ce,1,351,100,100,0,0,2.68,4468,2768,0,0,0,0,268
47,27,line,0.05,1,paxos_pipeline,ci,26,26,100,100,0,0,232.49,46262,4048,33201,99,565,0,1487
47,27,line,0.05,1,2pc_pipeline,ci,26,26,100,0,100,0,0.00,229321,20069,169704,119,1212,0,1702
47,27,line,0.05,1,tom_pipeline,ci,26,26,100,100,0,0,1021.05,40983,3569,29401,116,94,0,2604
47,27,line,0.05,0,paxos_ce,ce,26,26,100,100,0,0,115.51,253777,58100,0,0,0,42346,11551
47,27,line,0.05,0,2pc_ce,ce,26,26,100,100,0,0,269.07,591527,134962,0,0,0,102719,26907
47,27,line,0.05,0,tom_ce,ce,26,26,100,100,0,0,109.08,239741,54775,0,0,0,40012,10908
47,27,partial_mesh,0.05,1,paxos_pipeline,ci,3,125,100,100,0,0,46.00,5155,3158,2892,0,0,0,397
47,27,partial_mesh,0.05,1,2pc_pipeline,ci,3,125,100,100,0,0,95.39,5581,3429,3086,0,0,0,444
47,27,partial_mesh,0.05,1,tom_pipeline,ci,3,125,100,100,0,0,3.53,4389,2699,2443,1,1,0,353
47,27,partial_mesh,0.05,0,paxos_ce,ce,3,125,100,100,0,0,12.48,18794,14902,0,0,0,0,1248
47,27,partial_mesh,0.05,0,2pc_ce,ce,3,125,100,100,0,0,24.37,37937,27862,0,0,0,639,2437
47,27,partial_mesh,0.05,0,tom_ce,ce,3,125,100,100,0,0,3.47,6207,3162,0,0,0,0,347
47,27,random,0.05,1,paxos_pipeline,ci,4,64,100,100,0,0,56.68,6466,3051,3740,0,0,0,487
47,27,random,0.05,1,2pc_pipeline,ci,4,64,100,100,0,0,116.61,7173,3429,4194,0,0,0,543
47,27,random,0.05,1,tom_pipeline,ci,4,64,100,100,0,0,4.35,5694,2700,3351,0,0,0,435
47,27,random,0.05,0,paxos_ce,ce,4,64,100,100,0,0,13.64,21695,15133,0,0,0,0,1364
47,27,random,0.05,0,2pc_ce,ce,4,64,100,100,0,0,23.03,36703,25478,0,0,0,195,2303
47,27,random,0.05,0,tom_ce,ce,4,64,100,100,0,0,4.36,8161,3611,0,0,0,0,436
47,27,scale_free,0.05,1,paxos_pipeline,ci,5,51,100,100,0,0,63.82,7223,3051,4576,0,0,0,546
47,27,scale_free,0.05,1,2pc_pipeline,ci,5,51,100,98,2,0,133.85,8462,3561,5635,4,52,0,622
47,27,scale_free,0.05,1,tom_pipeline,ci,5,51,100,100,0,0,4.85,6360,2700,4035,0,0,0,485
47,27,scale_free,0.05,0,paxos_ce,ce,5,51,100,100,0,0,16.40,27265,17015,0,0,0,42,1640
47,27,scale_free,0.05,0,2pc_ce,ce,5,51,100,100,0,0,30.57,52550,29989,0,0,0,1310,3057
47,27,scale_free,0.05,0,tom_ce,ce,5,51,100,100,0,0,4.92,9302,3982,0,0,0,1,492
47,27,full_mesh,0.05,1,paxos_pipeline,ci,1,351,100,100,0,0,34.71,3071,3051,2059,0,0,0,301
47,27,full_mesh,0.05,1,2pc_pipeline,ci,1,351,100,100,0,0,72.54,3455,3429,2377,0,0,0,341
47,27,full_mesh,0.05,1,tom_pipeline,ci,1,351,100,100,0,0,2.69,2716,2700,1847,0,0,0,269
47,27,full_mesh,0.05,0,paxos_ce,ce,1,351,100,100,0,0,15.35,21488,19957,0,0,0,0,1535
47,27,full_mesh,0.05,0,2pc_ce,ce,1,351,100,100,0,0,30.27,44113,37616,0,0,0,309,3027
47,27,full_mesh,0.05,0,tom_ce,ce,1,351,100,100,0,0,2.68,4468,2768,0,0,0,0,268
