Protocol,PHY,proposal_id,energy,latency,start_slot,end_slot
Paxos (CI),CI,0,215.02321289821288,59,0,59
Paxos (CI),CI,1,138.48475135975133,59,4,63
Paxos (CI),CI,2,114.86936674436672,59,8,67
Paxos (CI),CI,3,101.61295648795645,59,12,71
Paxos (CI),CI,4,86.30526418026417,57,18,75
Paxos (CI),CI,5,74.95141802641803,58,22,80
Paxos (CI),CI,6,69.33603341103341,57,27,84
Paxos (CI),CI,7,67.10526418026416,59,31,90
Paxos (CI),CI,8,66.84564879564877,60,36,96
Paxos (CI),CI,9,67.44393939393936,61,40,101
Paxos (CI),CI,10,66.4516317016317,61,44,105
Paxos (CI),CI,11,64.95512820512823,60,49,109
Paxos (CI),CI,12,65.76923076923077,60,54,114
Paxos (CI),CI,13,65.38461538461547,60,59,119
Paxos (CI),CI,14,65.30769230769243,61,63,124
Paxos (CI),CI,15,65.07692307692324,61,67,128
Paxos (CI),CI,16,65.30769230769249,61,71,132
Paxos (CI),CI,17,64.76923076923097,62,75,137
Paxos (CI),CI,18,64.8461538461541,61,80,141
Paxos (CI),CI,19,64.69230769230799,61,84,145
Paxos (CI),CI,20,63.461538461538794,60,90,150
Paxos (CI),CI,21,60.1538461538465,58,96,154
Paxos (CI),CI,22,57.92307692307725,58,101,159
Paxos (CI),CI,23,58.15384615384647,58,105,163
Paxos (CI),CI,24,58.000000000000284,58,109,167
Paxos (CI),CI,25,57.61538461538487,58,114,172
Paxos (CI),CI,26,57.46153846153868,58,119,177
Paxos (CI),CI,27,57.69230769230791,58,124,182
Paxos (CI),CI,28,57.769230769230944,58,128,186
Paxos (CI),CI,29,57.84615384615404,58,132,190
Paxos (CI),CI,30,57.615384615384755,57,137,194
Paxos (CI),CI,31,56.923076923077076,57,141,198
Paxos (CI),CI,32,56.69230769230779,57,145,202
Paxos (CI),CI,33,56.46153846153857,56,150,206
Paxos (CI),CI,34,57.538461538461604,58,154,212
Paxos (CI),CI,35,60.23076923076934,58,159,217
Paxos (CI),CI,36,60.615384615384755,59,163,222
Paxos (CI),CI,37,60.84615384615398,59,167,226
Paxos (CI),CI,38,60.15384615384636,58,172,230
Paxos (CI),CI,39,61.61538461538481,58,177,235
Paxos (CI),CI,40,61.230769230769454,58,182,240
Paxos (CI),CI,41,61.46153846153868,58,186,244
Paxos (CI),CI,42,62.076923076923265,59,190,249
Paxos (CI),CI,43,62.46153846153868,59,194,253
Paxos (CI),CI,44,62.2307692307694,59,198,257
Paxos (CI),CI,45,63.15384615384636,59,202,261
Paxos (CI),CI,46,62.92307692307713,59,206,265
Paxos (CI),CI,47,62.07692307692332,58,212,270
Paxos (CI),CI,48,58.92307692307713,58,217,275
Paxos (CI),CI,49,59.07692307692321,58,222,280
Paxos (CI),CI,50,59.69230769230779,58,226,284
Paxos (CI),CI,51,59.69230769230779,58,230,288
Paxos (CI),CI,52,59.692307692307736,59,235,294
Paxos (CI),CI,53,61.61538461538464,59,240,299
Paxos (CI),CI,54,61.76923076923083,60,244,304
Paxos (CI),CI,55,60.92307692307702,59,249,308
Paxos (CI),CI,56,61.1538461538463,60,253,313
Paxos (CI),CI,57,61.07692307692321,60,257,317
Paxos (CI),CI,58,60.46153846153857,60,261,321
Paxos (CI),CI,59,60.38461538461547,60,265,325
Paxos (CI),CI,60,60.538461538461604,60,270,330
Paxos (CI),CI,61,61.6153846153847,60,275,335
Paxos (CI),CI,62,62.307692307692434,61,280,341
Paxos (CI),CI,63,64.38461538461553,62,284,346
Paxos (CI),CI,64,64.69230769230779,62,288,350
Paxos (CI),CI,65,63.84615384615404,61,294,355
Paxos (CI),CI,66,63.07692307692321,61,299,360
Paxos (CI),CI,67,62.69230769230785,61,304,365
Paxos (CI),CI,68,62.92307692307713,62,308,370
Paxos (CI),CI,69,62.923076923077076,62,313,375
Paxos (CI),CI,70,63.38461538461564,62,317,379
Paxos (CI),CI,71,63.07692307692332,62,321,383
Paxos (CI),CI,72,64.07692307692332,62,325,387
Paxos (CI),CI,73,63.46153846153874,61,330,391
Paxos (CI),CI,74,62.46153846153874,61,335,396
Paxos (CI),CI,75,61.15384615384653,60,341,401
Paxos (CI),CI,76,59.07692307692355,60,346,406
Paxos (CI),CI,77,59.153846153846644,60,350,410
Paxos (CI),CI,78,58.538461538462,59,355,414
Paxos (CI),CI,79,58.07692307692366,59,360,419
Paxos (CI),CI,80,57.923076923077474,59,365,424
Paxos (CI),CI,81,58.30769230769283,59,370,429
Paxos (CI),CI,82,58.692307692308304,59,375,434
Paxos (CI),CI,83,58.769230769231285,60,379,439
Paxos (CI),CI,84,58.69230769230819,60,383,443
Paxos (CI),CI,85,57.923076923077474,60,387,447
Paxos (CI),CI,86,57.84615384615438,60,391,451
Paxos (CI),CI,87,57.538461538462116,59,396,455
Paxos (CI),CI,88,58.74358974359018,59,401,460
Paxos (CI),CI,89,60.72960372960404,60,406,466
Paxos (CI),CI,90,66.39114219114254,61,410,471
Paxos (CI),CI,91,68.53644133644173,61,414,475
Paxos (CI),CI,92,70.3633644133647,60,419,479
Paxos (CI),CI,93,76.1435841935845,60,424,484
Paxos (CI),CI,94,80.5410200910203,60,429,489
Paxos (CI),CI,95,87.41794316794346,60,434,494
Paxos (CI),CI,96,96.45640470640501,59,439,498
Paxos (CI),CI,97,110.86666111666148,59,443,502
Paxos (CI),CI,98,133.1358918858922,59,447,506
Paxos (CI),CI,99,194.1358918858922,60,451,511
2PC (CI),CI,0,16.77,125,0,125
2PC (CI),CI,1,17.325555555555553,129,0,129
2PC (CI),CI,2,17.907188208616777,133,0,133
2PC (CI),CI,3,18.44327068284358,137,0,137
2PC (CI),CI,4,19.109937349510243,141,0,141
2PC (CI),CI,5,19.688884717931295,146,0,146
2PC (CI),CI,6,20.359097483888743,151,0,151
2PC (CI),CI,7,20.961248021523154,155,0,155
2PC (CI),CI,8,21.646030630218807,160,0,160
2PC (CI),CI,9,22.294382278570453,164,0,164
2PC (CI),CI,10,22.88327116745934,168,0,168
2PC (CI),CI,11,23.62484420116721,173,0,173
2PC (CI),CI,12,24.238480564803574,178,0,178
2PC (CI),CI,13,24.92813573721737,183,0,183
2PC (CI),CI,14,25.5676706209383,187,0,187
2PC (CI),CI,15,26.273552973879475,192,0,192
2PC (CI),CI,16,26.940219640546143,197,0,197
2PC (CI),CI,17,27.639014821269036,201,0,201
2PC (CI),CI,18,28.297551406634888,206,0,206
2PC (CI),CI,19,28.9765637523139,210,0,210
2PC (CI),CI,20,30.0140637523139,216,0,216
2PC (CI),CI,21,31.254570081427822,221,0,221
2PC (CI),CI,22,32.07508290194064,226,0,226
2PC (CI),CI,23,32.82832965518739,231,0,231
2PC (CI),CI,24,33.74938228676634,237,0,237
2PC (CI),CI,25,35.22938228676634,243,0,243
2PC (CI),CI,26,36.33749039487445,248,0,248
2PC (CI),CI,27,37.11831231268267,252,0,252
2PC (CI),CI,28,37.97942342379378,257,0,257
2PC (CI),CI,29,38.75407131111773,261,0,261
2PC (CI),CI,30,39.496928453974874,265,0,265
2PC (CI),CI,31,40.438957439482124,269,0,269
2PC (CI),CI,32,41.24778096889389,274,0,274
2PC (CI),CI,33,42.12837798381926,279,0,279
2PC (CI),CI,34,42.976862832304114,283,0,283
2PC (CI),CI,35,43.94609360153488,288,0,288
2PC (CI),CI,36,44.99296860153488,293,0,293
2PC (CI),CI,37,45.834238442804725,297,0,297
2PC (CI),CI,38,46.85036747506279,302,0,302
2PC (CI),CI,39,47.75200681932508,307,0,307
2PC (CI),CI,40,48.76867348599175,312,0,312
2PC (CI),CI,41,49.683927723279886,316,0,316
2PC (CI),CI,42,50.78737599914195,322,0,322
2PC (CI),CI,43,52.13825319212441,326,0,326
2PC (CI),CI,44,53.12039604926727,330,0,330
2PC (CI),CI,45,54.15675968563091,335,0,335
2PC (CI),CI,46,55.19379672266794,340,0,340
2PC (CI),CI,47,56.53341936417738,345,0,345
2PC (CI),CI,48,57.97572705648506,351,0,351
2PC (CI),CI,49,59.81886431138703,356,0,356
2PC (CI),CI,50,60.99886431138704,361,0,361
2PC (CI),CI,51,62.100905127713574,365,0,365
2PC (CI),CI,52,63.538405127713574,370,0,370
2PC (CI),CI,53,64.7298944894157,375,0,375
2PC (CI),CI,54,66.01250318506787,380,0,380
2PC (CI),CI,55,67.2347254072901,384,0,384
2PC (CI),CI,56,68.50745268001738,388,0,388
2PC (CI),CI,57,69.83303407536621,393,0,393
2PC (CI),CI,58,71.33303407536621,397,0,397
2PC (CI),CI,59,72.65010724609793,401,0,401
2PC (CI),CI,60,74.15010724609795,406,0,406
2PC (CI),CI,61,75.73985083584155,411,0,411
2PC (CI),CI,62,77.42406136215735,416,0,416
2PC (CI),CI,63,79.45108838918438,421,0,421
2PC (CI),CI,64,81.03442172251772,425,0,425
2PC (CI),CI,65,82.86299315108916,430,0,430
2PC (CI),CI,66,84.39240491579504,435,0,435
2PC (CI),CI,67,86.21058673397685,440,0,440
2PC (CI),CI,68,87.92933673397685,445,0,445
2PC (CI),CI,69,89.76804641139621,449,0,449
2PC (CI),CI,70,91.43471307806288,453,0,453
2PC (CI),CI,71,93.33126480220082,457,0,457
2PC (CI),CI,72,95.18840765934367,461,0,461
2PC (CI),CI,73,97.26248173341773,465,0,465
2PC (CI),CI,74,99.91632788726389,471,0,471
2PC (CI),CI,75,104.07632788726389,477,0,477
2PC (CI),CI,76,107.86799455393054,482,0,482
2PC (CI),CI,77,110.30277716262621,486,0,486
2PC (CI),CI,78,112.71186807171712,490,0,490
2PC (CI),CI,79,115.9975823574314,495,0,495
2PC (CI),CI,80,118.74758235743138,500,0,500
2PC (CI),CI,81,121.69495077848401,504,0,504
2PC (CI),CI,82,124.69495077848401,508,0,508
2PC (CI),CI,83,127.93024489613107,512,0,512
2PC (CI),CI,84,131.30524489613106,516,0,516
2PC (CI),CI,85,136.70524489613103,522,0,522
2PC (CI),CI,86,142.41953061041673,526,0,526
2PC (CI),CI,87,147.1887613796475,531,0,531
2PC (CI),CI,88,151.85542804631416,535,0,535
2PC (CI),CI,89,157.7645189554051,540,0,540
2PC (CI),CI,90,163.66451895540507,544,0,544
2PC (CI),CI,91,169.66451895540507,548,0,548
2PC (CI),CI,92,177.91451895540507,553,0,553
2PC (CI),CI,93,185.77166181254793,558,0,558
2PC (CI),CI,94,196.43832847921462,563,0,563
2PC (CI),CI,95,207.2383284792146,567,0,567
2PC (CI),CI,96,222.7383284792146,572,0,572
2PC (CI),CI,97,240.07166181254792,576,0,576
2PC (CI),CI,98,267.5716618125479,580,0,580
2PC (CI),CI,99,319.5716618125479,584,0,584
TOM (CI),CI,0,81.0,4,0,4
TOM (CI),CI,1,56.0,4,4,8
TOM (CI),CI,2,52.0,4,8,12
TOM (CI),CI,3,80.0,6,12,18
TOM (CI),CI,4,81.0,4,18,22
TOM (CI),CI,5,60.0,5,22,27
TOM (CI),CI,6,56.0,4,27,31
TOM (CI),CI,7,63.0,5,31,36
TOM (CI),CI,8,59.0,4,36,40
TOM (CI),CI,9,53.0,4,40,44
TOM (CI),CI,10,63.0,5,44,49
TOM (CI),CI,11,53.0,5,49,54
TOM (CI),CI,12,60.0,5,54,59
TOM (CI),CI,13,58.0,4,59,63
TOM (CI),CI,14,57.0,4,63,67
TOM (CI),CI,15,53.0,4,67,71
TOM (CI),CI,16,61.0,4,71,75
TOM (CI),CI,17,63.0,5,75,80
TOM (CI),CI,18,57.0,4,80,84
TOM (CI),CI,19,75.0,6,84,90
TOM (CI),CI,20,99.0,6,90,96
TOM (CI),CI,21,93.0,5,96,101
TOM (CI),CI,22,56.0,4,101,105
TOM (CI),CI,23,55.0,4,105,109
TOM (CI),CI,24,68.0,5,109,114
TOM (CI),CI,25,55.0,5,114,119
TOM (CI),CI,26,57.0,5,119,124
TOM (CI),CI,27,54.0,4,124,128
TOM (CI),CI,28,56.0,4,128,132
TOM (CI),CI,29,54.0,5,132,137
TOM (CI),CI,30,64.0,4,137,141
TOM (CI),CI,31,55.0,4,141,145
TOM (CI),CI,32,59.0,5,145,150
TOM (CI),CI,33,56.0,4,150,154
TOM (CI),CI,34,64.0,5,154,159
TOM (CI),CI,35,59.0,4,159,163
TOM (CI),CI,36,53.0,4,163,167
TOM (CI),CI,37,63.0,5,167,172
TOM (CI),CI,38,53.0,5,172,177
TOM (CI),CI,39,60.0,5,177,182
TOM (CI),CI,40,55.0,4,182,186
TOM (CI),CI,41,57.0,4,186,190
TOM (CI),CI,42,51.0,4,190,194
TOM (CI),CI,43,55.0,4,194,198
TOM (CI),CI,44,52.0,4,198,202
TOM (CI),CI,45,56.0,4,202,206
TOM (CI),CI,46,70.0,6,206,212
TOM (CI),CI,47,99.0,5,212,217
TOM (CI),CI,48,64.0,5,217,222
TOM (CI),CI,49,56.0,4,222,226
TOM (CI),CI,50,54.0,4,226,230
TOM (CI),CI,51,72.0,5,230,235
TOM (CI),CI,52,55.0,5,235,240
TOM (CI),CI,53,58.0,4,240,244
TOM (CI),CI,54,65.0,5,244,249
TOM (CI),CI,55,56.0,4,249,253
TOM (CI),CI,56,52.0,4,253,257
TOM (CI),CI,57,64.0,4,257,261
TOM (CI),CI,58,53.0,4,261,265
TOM (CI),CI,59,59.0,5,265,270
TOM (CI),CI,60,58.0,5,270,275
TOM (CI),CI,61,66.0,5,275,280
TOM (CI),CI,62,64.0,4,280,284
TOM (CI),CI,63,54.0,4,284,288
TOM (CI),CI,64,72.0,6,288,294
TOM (CI),CI,65,80.0,5,294,299
TOM (CI),CI,66,60.0,5,299,304
TOM (CI),CI,67,54.0,4,304,308
TOM (CI),CI,68,59.0,5,308,313
TOM (CI),CI,69,51.0,4,313,317
TOM (CI),CI,70,56.0,4,317,321
TOM (CI),CI,71,52.0,4,321,325
TOM (CI),CI,72,61.0,5,325,330
TOM (CI),CI,73,72.0,5,330,335
TOM (CI),CI,74,75.0,6,335,341
TOM (CI),CI,75,91.0,5,341,346
TOM (CI),CI,76,58.0,4,346,350
TOM (CI),CI,77,61.0,5,350,355
TOM (CI),CI,78,70.0,5,355,360
TOM (CI),CI,79,55.0,5,360,365
TOM (CI),CI,80,57.0,5,365,370
TOM (CI),CI,81,59.0,5,370,375
TOM (CI),CI,82,57.0,4,375,379
TOM (CI),CI,83,52.0,4,379,383
TOM (CI),CI,84,65.0,4,383,387
TOM (CI),CI,85,53.0,4,387,391
TOM (CI),CI,86,59.0,5,391,396
TOM (CI),CI,87,58.0,5,396,401
TOM (CI),CI,88,64.0,5,401,406
TOM (CI),CI,89,59.0,4,406,410
TOM (CI),CI,90,53.0,4,410,414
TOM (CI),CI,91,64.0,5,414,419
TOM (CI),CI,92,53.0,5,419,424
TOM (CI),CI,93,62.0,5,424,429
TOM (CI),CI,94,64.0,5,429,434
TOM (CI),CI,95,58.0,5,434,439
TOM (CI),CI,96,51.0,4,439,443
TOM (CI),CI,97,55.0,4,443,447
TOM (CI),CI,98,52.0,4,447,451
TOM (CI),CI,99,55.0,4,451,455
Paxos (CE),CE,0,378.0,14,0,14
Paxos (CE),CE,1,324.0,12,14,26
Paxos (CE),CE,2,405.0,15,26,41
Paxos (CE),CE,3,378.0,14,41,55
Paxos (CE),CE,4,378.0,14,55,69
Paxos (CE),CE,5,432.0,16,69,85
Paxos (CE),CE,6,378.0,14,85,99
Paxos (CE),CE,7,378.0,14,99,113
Paxos (CE),CE,8,405.0,15,113,128
Paxos (CE),CE,9,378.0,14,128,142
Paxos (CE),CE,10,405.0,15,142,157
Paxos (CE),CE,11,324.0,12,157,169
Paxos (CE),CE,12,351.0,13,169,182
Paxos (CE),CE,13,405.0,15,182,197
Paxos (CE),CE,14,351.0,13,197,210
Paxos (CE),CE,15,351.0,13,210,223
Paxos (CE),CE,16,324.0,12,223,235
Paxos (CE),CE,17,405.0,15,235,250
Paxos (CE),CE,18,351.0,13,250,263
Paxos (CE),CE,19,324.0,12,263,275
Paxos (CE),CE,20,378.0,14,275,289
Paxos (CE),CE,21,351.0,13,289,302
Paxos (CE),CE,22,405.0,15,302,317
Paxos (CE),CE,23,378.0,14,317,331
Paxos (CE),CE,24,378.0,14,331,345
Paxos (CE),CE,25,351.0,13,345,358
Paxos (CE),CE,26,378.0,14,358,372
Paxos (CE),CE,27,378.0,14,372,386
Paxos (CE),CE,28,459.0,17,386,403
Paxos (CE),CE,29,351.0,13,403,416
Paxos (CE),CE,30,378.0,14,416,430
Paxos (CE),CE,31,432.0,16,430,446
Paxos (CE),CE,32,351.0,13,446,459
Paxos (CE),CE,33,432.0,16,459,475
Paxos (CE),CE,34,351.0,13,475,488
Paxos (CE),CE,35,351.0,13,488,501
Paxos (CE),CE,36,378.0,14,501,515
Paxos (CE),CE,37,432.0,16,515,531
Paxos (CE),CE,38,351.0,13,531,544
Paxos (CE),CE,39,351.0,13,544,557
Paxos (CE),CE,40,378.0,14,557,571
Paxos (CE),CE,41,378.0,14,571,585
Paxos (CE),CE,42,351.0,13,585,598
Paxos (CE),CE,43,351.0,13,598,611
Paxos (CE),CE,44,351.0,13,611,624
Paxos (CE),CE,45,351.0,13,624,637
Paxos (CE),CE,46,351.0,13,637,650
Paxos (CE),CE,47,405.0,15,650,665
Paxos (CE),CE,48,405.0,15,665,680
Paxos (CE),CE,49,351.0,13,680,693
Paxos (CE),CE,50,405.0,15,693,708
Paxos (CE),CE,51,378.0,14,708,722
Paxos (CE),CE,52,405.0,15,722,737
Paxos (CE),CE,53,324.0,12,737,749
Paxos (CE),CE,54,351.0,13,749,762
Paxos (CE),CE,55,351.0,13,762,775
Paxos (CE),CE,56,378.0,14,775,789
Paxos (CE),CE,57,405.0,15,789,804
Paxos (CE),CE,58,378.0,14,804,818
Paxos (CE),CE,59,351.0,13,818,831
Paxos (CE),CE,60,405.0,15,831,846
Paxos (CE),CE,61,405.0,15,846,861
Paxos (CE),CE,62,351.0,13,861,874
Paxos (CE),CE,63,351.0,13,874,887
Paxos (CE),CE,64,351.0,13,887,900
Paxos (CE),CE,65,351.0,13,900,913
Paxos (CE),CE,66,351.0,13,913,926
Paxos (CE),CE,67,324.0,12,926,938
Paxos (CE),CE,68,405.0,15,938,953
Paxos (CE),CE,69,324.0,12,953,965
Paxos (CE),CE,70,405.0,15,965,980
Paxos (CE),CE,71,378.0,14,980,994
Paxos (CE),CE,72,351.0,13,994,1007
Paxos (CE),CE,73,378.0,14,1007,1021
Paxos (CE),CE,74,324.0,12,1021,1033
Paxos (CE),CE,75,378.0,14,1033,1047
Paxos (CE),CE,76,378.0,14,1047,1061
Paxos (CE),CE,77,378.0,14,1061,1075
Paxos (CE),CE,78,405.0,15,1075,1090
Paxos (CE),CE,79,324.0,12,1090,1102
Paxos (CE),CE,80,378.0,14,1102,1116
Paxos (CE),CE,81,378.0,14,1116,1130
Paxos (CE),CE,82,405.0,15,1130,1145
Paxos (CE),CE,83,378.0,14,1145,1159
Paxos (CE),CE,84,378.0,14,1159,1173
Paxos (CE),CE,85,432.0,16,1173,1189
Paxos (CE),CE,86,405.0,15,1189,1204
Paxos (CE),CE,87,351.0,13,1204,1217
Paxos (CE),CE,88,378.0,14,1217,1231
Paxos (CE),CE,89,405.0,15,1231,1246
Paxos (CE),CE,90,378.0,14,1246,1260
Paxos (CE),CE,91,324.0,12,1260,1272
Paxos (CE),CE,92,351.0,13,1272,1285
Paxos (CE),CE,93,405.0,15,1285,1300
Paxos (CE),CE,94,351.0,13,1300,1313
Paxos (CE),CE,95,378.0,14,1313,1327
Paxos (CE),CE,96,405.0,15,1327,1342
Paxos (CE),CE,97,378.0,14,1342,1356
Paxos (CE),CE,98,351.0,13,1356,1369
Paxos (CE),CE,99,405.0,15,1369,1384
2PC (CE),CE,0,621.0,23,0,23
2PC (CE),CE,1,648.0,24,23,47
2PC (CE),CE,2,675.0,25,47,72
2PC (CE),CE,3,648.0,24,72,96
2PC (CE),CE,4,756.0,28,96,124
2PC (CE),CE,5,621.0,23,124,147
2PC (CE),CE,6,675.0,25,147,172
2PC (CE),CE,7,621.0,23,172,195
2PC (CE),CE,8,702.0,26,195,221
2PC (CE),CE,9,648.0,24,221,245
2PC (CE),CE,10,594.0,22,245,267
2PC (CE),CE,11,594.0,22,267,289
2PC (CE),CE,12,621.0,23,289,312
2PC (CE),CE,13,783.0,29,312,341
2PC (CE),CE,14,729.0,27,341,368
2PC (CE),CE,15,621.0,23,368,391
2PC (CE),CE,16,648.0,24,391,415
2PC (CE),CE,17,621.0,23,415,438
2PC (CE),CE,18,756.0,28,438,466
2PC (CE),CE,19,648.0,24,466,490
2PC (CE),CE,20,621.0,23,490,513
2PC (CE),CE,21,810.0,30,513,543
2PC (CE),CE,22,621.0,23,543,566
2PC (CE),CE,23,756.0,28,566,594
2PC (CE),CE,24,648.0,24,594,618
2PC (CE),CE,25,594.0,22,618,640
2PC (CE),CE,26,702.0,26,640,666
2PC (CE),CE,27,567.0,21,666,687
2PC (CE),CE,28,621.0,23,687,710
2PC (CE),CE,29,675.0,25,710,735
2PC (CE),CE,30,594.0,22,735,757
2PC (CE),CE,31,675.0,25,757,782
2PC (CE),CE,32,621.0,23,782,805
2PC (CE),CE,33,594.0,22,805,827
2PC (CE),CE,34,567.0,21,827,848
2PC (CE),CE,35,675.0,25,848,873
2PC (CE),CE,36,594.0,22,873,895
2PC (CE),CE,37,621.0,23,895,918
2PC (CE),CE,38,567.0,21,918,939
2PC (CE),CE,39,621.0,23,939,962
2PC (CE),CE,40,675.0,25,962,987
2PC (CE),CE,41,648.0,24,987,1011
2PC (CE),CE,42,756.0,28,1011,1039
2PC (CE),CE,43,540.0,20,1039,1059
2PC (CE),CE,44,567.0,21,1059,1080
2PC (CE),CE,45,594.0,22,1080,1102
2PC (CE),CE,46,675.0,25,1102,1127
2PC (CE),CE,47,567.0,21,1127,1148
2PC (CE),CE,48,675.0,25,1148,1173
2PC (CE),CE,49,675.0,25,1173,1198
2PC (CE),CE,50,621.0,23,1198,1221
2PC (CE),CE,51,567.0,21,1221,1242
2PC (CE),CE,52,621.0,23,1242,1265
2PC (CE),CE,53,729.0,27,1265,1292
2PC (CE),CE,54,621.0,23,1292,1315
2PC (CE),CE,55,756.0,28,1315,1343
2PC (CE),CE,56,594.0,22,1343,1365
2PC (CE),CE,57,864.0,32,1365,1397
2PC (CE),CE,58,675.0,25,1397,1422
2PC (CE),CE,59,594.0,22,1422,1444
2PC (CE),CE,60,594.0,22,1444,1466
2PC (CE),CE,61,567.0,21,1466,1487
2PC (CE),CE,62,594.0,22,1487,1509
2PC (CE),CE,63,621.0,23,1509,1532
2PC (CE),CE,64,567.0,21,1532,1553
2PC (CE),CE,65,648.0,24,1553,1577
2PC (CE),CE,66,567.0,21,1577,1598
2PC (CE),CE,67,675.0,25,1598,1623
2PC (CE),CE,68,648.0,24,1623,1647
2PC (CE),CE,69,567.0,21,1647,1668
2PC (CE),CE,70,648.0,24,1668,1692
2PC (CE),CE,71,594.0,22,1692,1714
2PC (CE),CE,72,702.0,26,1714,1740
2PC (CE),CE,73,594.0,22,1740,1762
2PC (CE),CE,74,594.0,22,1762,1784
2PC (CE),CE,75,783.0,29,1784,1813
2PC (CE),CE,76,675.0,25,1813,1838
2PC (CE),CE,77,621.0,23,1838,1861
2PC (CE),CE,78,621.0,23,1861,1884
2PC (CE),CE,79,621.0,23,1884,1907
2PC (CE),CE,80,675.0,25,1907,1932
2PC (CE),CE,81,621.0,23,1932,1955
2PC (CE),CE,82,621.0,23,1955,1978
2PC (CE),CE,83,567.0,21,1978,1999
2PC (CE),CE,84,729.0,27,1999,2026
2PC (CE),CE,85,621.0,23,2026,2049
2PC (CE),CE,86,540.0,20,2049,2069
2PC (CE),CE,87,648.0,24,2069,2093
2PC (CE),CE,88,621.0,23,2093,2116
2PC (CE),CE,89,648.0,24,2116,2140
2PC (CE),CE,90,567.0,21,2140,2161
2PC (CE),CE,91,594.0,22,2161,2183
2PC (CE),CE,92,621.0,23,2183,2206
2PC (CE),CE,93,756.0,28,2206,2234
2PC (CE),CE,94,621.0,23,2234,2257
2PC (CE),CE,95,567.0,21,2257,2278
2PC (CE),CE,96,675.0,25,2278,2303
2PC (CE),CE,97,594.0,22,2303,2325
2PC (CE),CE,98,621.0,23,2325,2348
2PC (CE),CE,99,648.0,24,2348,2372
TOM (CE),CE,0,108.0,4,0,4
TOM (CE),CE,1,108.0,4,4,8
TOM (CE),CE,2,108.0,4,8,12
TOM (CE),CE,3,108.0,4,12,16
TOM (CE),CE,4,108.0,4,16,20
TOM (CE),CE,5,135.0,5,20,25
TOM (CE),CE,6,135.0,5,25,30
TOM (CE),CE,7,135.0,5,30,35
TOM (CE),CE,8,135.0,5,35,40
TOM (CE),CE,9,108.0,4,40,44
TOM (CE),CE,10,135.0,5,44,49
TOM (CE),CE,11,135.0,5,49,54
TOM (CE),CE,12,135.0,5,54,59
TOM (CE),CE,13,108.0,4,59,63
TOM (CE),CE,14,108.0,4,63,67
TOM (CE),CE,15,108.0,4,67,71
TOM (CE),CE,16,135.0,5,71,76
TOM (CE),CE,17,108.0,4,76,80
TOM (CE),CE,18,108.0,4,80,84
TOM (CE),CE,19,162.0,6,84,90
TOM (CE),CE,20,135.0,5,90,95
TOM (CE),CE,21,135.0,5,95,100
TOM (CE),CE,22,135.0,5,100,105
TOM (CE),CE,23,108.0,4,105,109
TOM (CE),CE,24,135.0,5,109,114
TOM (CE),CE,25,135.0,5,114,119
TOM (CE),CE,26,108.0,4,119,123
TOM (CE),CE,27,108.0,4,123,127
TOM (CE),CE,28,135.0,5,127,132
TOM (CE),CE,29,135.0,5,132,137
TOM (CE),CE,30,135.0,5,137,142
TOM (CE),CE,31,108.0,4,142,146
TOM (CE),CE,32,135.0,5,146,151
TOM (CE),CE,33,108.0,4,151,155
TOM (CE),CE,34,135.0,5,155,160
TOM (CE),CE,35,108.0,4,160,164
TOM (CE),CE,36,135.0,5,164,169
TOM (CE),CE,37,135.0,5,169,174
TOM (CE),CE,38,135.0,5,174,179
TOM (CE),CE,39,135.0,5,179,184
TOM (CE),CE,40,135.0,5,184,189
TOM (CE),CE,41,108.0,4,189,193
TOM (CE),CE,42,108.0,4,193,197
TOM (CE),CE,43,108.0,4,197,201
TOM (CE),CE,44,270.0,10,201,211
TOM (CE),CE,45,108.0,4,211,215
TOM (CE),CE,46,162.0,6,215,221
TOM (CE),CE,47,162.0,6,221,227
TOM (CE),CE,48,135.0,5,227,232
TOM (CE),CE,49,135.0,5,232,237
TOM (CE),CE,50,135.0,5,237,242
TOM (CE),CE,51,162.0,6,242,248
TOM (CE),CE,52,135.0,5,248,253
TOM (CE),CE,53,108.0,4,253,257
TOM (CE),CE,54,108.0,4,257,261
TOM (CE),CE,55,135.0,5,261,266
TOM (CE),CE,56,108.0,4,266,270
TOM (CE),CE,57,108.0,4,270,274
TOM (CE),CE,58,135.0,5,274,279
TOM (CE),CE,59,135.0,5,279,284
TOM (CE),CE,60,108.0,4,284,288
TOM (CE),CE,61,135.0,5,288,293
TOM (CE),CE,62,108.0,4,293,297
TOM (CE),CE,63,108.0,4,297,301
TOM (CE),CE,64,135.0,5,301,306
TOM (CE),CE,65,135.0,5,306,311
TOM (CE),CE,66,135.0,5,311,316
TOM (CE),CE,67,108.0,4,316,320
TOM (CE),CE,68,135.0,5,320,325
TOM (CE),CE,69,135.0,5,325,330
TOM (CE),CE,70,108.0,4,330,334
TOM (CE),CE,71,108.0,4,334,338
TOM (CE),CE,72,108.0,4,338,342
TOM (CE),CE,73,135.0,5,342,347
TOM (CE),CE,74,135.0,5,347,352
TOM (CE),CE,75,135.0,5,352,357
TOM (CE),CE,76,108.0,4,357,361
TOM (CE),CE,77,108.0,4,361,365
TOM (CE),CE,78,135.0,5,365,370
TOM (CE),CE,79,135.0,5,370,375
TOM (CE),CE,80,108.0,4,375,379
TOM (CE),CE,81,108.0,4,379,383
TOM (CE),CE,82,108.0,4,383,387
TOM (CE),CE,83,108.0,4,387,391
TOM (CE),CE,84,108.0,4,391,395
TOM (CE),CE,85,108.0,4,395,399
TOM (CE),CE,86,135.0,5,399,404
TOM (CE),CE,87,108.0,4,404,408
TOM (CE),CE,88,135.0,5,408,413
TOM (CE),CE,89,108.0,4,413,417
TOM (CE),CE,90,108.0,4,417,421
TOM (CE),CE,91,135.0,5,421,426
TOM (CE),CE,92,135.0,5,426,431
TOM (CE),CE,93,135.0,5,431,436
TOM (CE),CE,94,135.0,5,436,441
TOM (CE),CE,95,108.0,4,441,445
TOM (CE),CE,96,135.0,5,445,450
TOM (CE),CE,97,108.0,4,450,454
TOM (CE),CE,98,108.0,4,454,458
TOM (CE),CE,99,243.0,9,458,467
